"Source:","C:\Users\Philipp Bleimund\git\repository\Diom-75TK\PCB\pcb.kicad_sch"
"Date:","20.04.2022 00:11:18"
"Tool:","Eeschema (6.0.4)"
"Generator:","C:\Program Files\KiCad\6.0\bin\scripting\plugins/bom_csv_grouped_by_value.py"
"Component Count:","324"

"Individual Components:"

"Item","Qty","Reference(s)","Value","LibPart","Footprint","Datasheet","Item","LCSC","Name"
"","","C1","10u","Device:C_Small","Capacitor_SMD:C_0805_2012Metric","~","","",""
"","","C2","0.1uF","Device:C_Small","Capacitor_SMD:C_0805_2012Metric","~","","",""
"","","C3","0.1uF","Device:C_Small","Capacitor_SMD:C_0805_2012Metric","~","","",""
"","","C4","0.1uF","Device:C_Small","Capacitor_SMD:C_0805_2012Metric","~","","",""
"","","C5","22pF","Device:C_Small","Capacitor_SMD:C_0805_2012Metric","~","","",""
"","","C6","22pF","Device:C_Small","Capacitor_SMD:C_0805_2012Metric","~","","",""
"","","C7","10uF","Device:C_Small","Capacitor_SMD:C_0805_2012Metric","~","","",""
"","","C8","1uF","Device:C_Small","Capacitor_SMD:C_0805_2012Metric","~","","",""
"","","D1","1.25V@150mA","led:D_Small","led:D_SOD-123","~","1N4148W","https://lcsc.com/product-detail/Switching-Diode_GOODWORK-1N4148W_C909967.html","Esc"
"","","D2","1.25V@150mA","Device:D_Small","led:D_SOD-123","~","","","^"
"","","D3","1.25V@150mA","Device:D_Small","led:D_SOD-123","~","","","Tab"
"","","D4","1.25V@150mA","Device:D_Small","led:D_SOD-123","~","","","Caps"
"","","D5","1.25V@150mA","Device:D_Small","led:D_SOD-123","~","","","Shift"
"","","D6","1.25V@150mA","Device:D_Small","led:D_SOD-123","~","","","Ctrl"
"","","D7","1.25V@150mA","Device:D_Small","led:D_SOD-123","~","","","1"
"","","D8","1.25V@150mA","Device:D_Small","led:D_SOD-123","~","","","Q"
"","","D9","1.25V@150mA","Device:D_Small","led:D_SOD-123","~","","","A"
"","","D10","1.25V@150mA","Device:D_Small","led:D_SOD-123","~","","","<"
"","","D11","1.25V@150mA","Device:D_Small","led:D_SOD-123","~","","","Win"
"","","D12","1.25V@150mA","Device:D_Small","led:D_SOD-123","~","","","F1"
"","","D13","1.25V@150mA","Device:D_Small","led:D_SOD-123","~","","","2"
"","","D14","1.25V@150mA","Device:D_Small","led:D_SOD-123","~","","","W"
"","","D15","1.25V@150mA","Device:D_Small","led:D_SOD-123","~","","","S"
"","","D16","1.25V@150mA","Device:D_Small","led:D_SOD-123","~","","","Y"
"","","D17","1.25V@150mA","Device:D_Small","led:D_SOD-123","~","","","Alt"
"","","D18","1.25V@150mA","Device:D_Small","led:D_SOD-123","~","","","F2"
"","","D19","1.25V@150mA","Device:D_Small","led:D_SOD-123","~","","","3"
"","","D20","1.25V@150mA","Device:D_Small","led:D_SOD-123","~","","","E"
"","","D21","1.25V@150mA","Device:D_Small","led:D_SOD-123","~","","","D"
"","","D22","1.25V@150mA","Device:D_Small","led:D_SOD-123","~","","","X"
"","","D23","1.25V@150mA","Device:D_Small","led:D_SOD-123","~","","","F3"
"","","D24","1.25V@150mA","Device:D_Small","led:D_SOD-123","~","","","4"
"","","D25","1.25V@150mA","Device:D_Small","led:D_SOD-123","~","","","R"
"","","D26","1.25V@150mA","Device:D_Small","led:D_SOD-123","~","","","F"
"","","D27","1.25V@150mA","Device:D_Small","led:D_SOD-123","~","","","C"
"","","D28","1.25V@150mA","Device:D_Small","led:D_SOD-123","~","","","F4"
"","","D29","1.25V@150mA","Device:D_Small","led:D_SOD-123","~","","","5"
"","","D30","1.25V@150mA","Device:D_Small","led:D_SOD-123","~","","","T"
"","","D31","1.25V@150mA","Device:D_Small","led:D_SOD-123","~","","","G"
"","","D32","1.25V@150mA","Device:D_Small","led:D_SOD-123","~","","","V"
"","","D33","1.25V@150mA","Device:D_Small","led:D_SOD-123","~","","","F5"
"","","D34","1.25V@150mA","Device:D_Small","led:D_SOD-123","~","","","6"
"","","D35","1.25V@150mA","Device:D_Small","led:D_SOD-123","~","","","Z"
"","","D36","1.25V@150mA","Device:D_Small","led:D_SOD-123","~","","","H"
"","","D37","1.25V@150mA","Device:D_Small","led:D_SOD-123","~","","","B"
"","","D38","1.25V@150mA","Device:D_Small","led:D_SOD-123","~","","","Space"
"","","D39","1.25V@150mA","Device:D_Small","led:D_SOD-123","~","","","F6"
"","","D40","1.25V@150mA","Device:D_Small","led:D_SOD-123","~","","","7"
"","","D41","1.25V@150mA","Device:D_Small","led:D_SOD-123","~","","","U"
"","","D42","1.25V@150mA","Device:D_Small","led:D_SOD-123","~","","","J"
"","","D43","1.25V@150mA","Device:D_Small","led:D_SOD-123","~","","","N"
"","","D44","1.25V@150mA","Device:D_Small","led:D_SOD-123","~","","","F7"
"","","D45","1.25V@150mA","Device:D_Small","led:D_SOD-123","~","","","8"
"","","D46","1.25V@150mA","Device:D_Small","led:D_SOD-123","~","","","I"
"","","D47","1.25V@150mA","Device:D_Small","led:D_SOD-123","~","","","K"
"","","D48","1.25V@150mA","Device:D_Small","led:D_SOD-123","~","","","M"
"","","D49","1.25V@150mA","Device:D_Small","led:D_SOD-123","~","","","F8"
"","","D50","1.25V@150mA","Device:D_Small","led:D_SOD-123","~","","","9"
"","","D51","1.25V@150mA","Device:D_Small","led:D_SOD-123","~","","","O"
"","","D52","1.25V@150mA","Device:D_Small","led:D_SOD-123","~","","","L"
"","","D53","1.25V@150mA","Device:D_Small","led:D_SOD-123","~","","",","
"","","D54","1.25V@150mA","Device:D_Small","led:D_SOD-123","~","","","F9"
"","","D55","1.25V@150mA","Device:D_Small","led:D_SOD-123","~","","","0"
"","","D56","1.25V@150mA","Device:D_Small","led:D_SOD-123","~","","","P"
"","","D57","1.25V@150mA","Device:D_Small","led:D_SOD-123","~","","","Ö"
"","","D58","1.25V@150mA","Device:D_Small","led:D_SOD-123","~","","","."
"","","D59","1.25V@150mA","Device:D_Small","led:D_SOD-123","~","","","AltGr"
"","","D60","1.25V@150mA","Device:D_Small","led:D_SOD-123","~","","","F10"
"","","D61","1.25V@150mA","Device:D_Small","led:D_SOD-123","~","","","ß"
"","","D62","1.25V@150mA","Device:D_Small","led:D_SOD-123","~","","","Ü"
"","","D63","1.25V@150mA","Device:D_Small","led:D_SOD-123","~","","","Ä"
"","","D64","1.25V@150mA","Device:D_Small","led:D_SOD-123","~","","","-"
"","","D65","1.25V@150mA","Device:D_Small","led:D_SOD-123","~","","","Fn"
"","","D66","1.25V@150mA","Device:D_Small","led:D_SOD-123","~","","","F11"
"","","D67","1.25V@150mA","Device:D_Small","led:D_SOD-123","~","","","´"
"","","D68","1.25V@150mA","Device:D_Small","led:D_SOD-123","~","","","+"
"","","D69","1.25V@150mA","Device:D_Small","led:D_SOD-123","~","","","#"
"","","D70","1.25V@150mA","Device:D_Small","led:D_SOD-123","~","","","Shift"
"","","D71","1.25V@150mA","Device:D_Small","led:D_SOD-123","~","","","Win"
"","","D72","1.25V@150mA","Device:D_Small","led:D_SOD-123","~","","","F12"
"","","D73","1.25V@150mA","Device:D_Small","led:D_SOD-123","~","","","Back"
"","","D74","1.25V@150mA","Device:D_Small","led:D_SOD-123","~","","","Enter"
"","","D75","1.25V@150mA","Device:D_Small","led:D_SOD-123","~","","","Left"
"","","D76","1.25V@150mA","Device:D_Small","led:D_SOD-123","~","","","Up"
"","","D77","1.25V@150mA","Device:D_Small","led:D_SOD-123","~","","","Down"
"","","D78","1.25V@150mA","Device:D_Small","led:D_SOD-123","~","","","Rigth"
"","","D79","1.25V@150mA","Device:D_Small","led:D_SOD-123","~","","","Druck"
"","","D80","1.25V@150mA","Device:D_Small","led:D_SOD-123","~","","","Insert"
"","","D81","1.25V@150mA","Device:D_Small","led:D_SOD-123","~","","","Del"
"","","D82","1.25V@150mA","Device:D_Small","led:D_SOD-123","~","","","PgUp"
"","","D83","1.25V@150mA","Device:D_Small","led:D_SOD-123","~","","","PgDn"
"","","D84","1.25V@150mA","Device:D_Small","led:D_SOD-123","~","","","NumLock"
"","","D85","1.25V@150mA","Device:D_Small","led:D_SOD-123","~","","","7"
"","","D86","1.25V@150mA","Device:D_Small","led:D_SOD-123","~","","","4"
"","","D87","1.25V@150mA","Device:D_Small","led:D_SOD-123","~","","","1"
"","","D88","1.25V@150mA","Device:D_Small","led:D_SOD-123","~","","","0"
"","","D89","1.25V@150mA","Device:D_Small","led:D_SOD-123","~","","","/"
"","","D90","1.25V@150mA","Device:D_Small","led:D_SOD-123","~","","","8"
"","","D91","1.25V@150mA","Device:D_Small","led:D_SOD-123","~","","","5"
"","","D92","1.25V@150mA","Device:D_Small","led:D_SOD-123","~","","","2"
"","","D93","1.25V@150mA","Device:D_Small","led:D_SOD-123","~","","",","
"","","D94","1.25V@150mA","Device:D_Small","led:D_SOD-123","~","","","*"
"","","D95","1.25V@150mA","Device:D_Small","led:D_SOD-123","~","","","9"
"","","D96","1.25V@150mA","Device:D_Small","led:D_SOD-123","~","","","6"
"","","D97","1.25V@150mA","Device:D_Small","led:D_SOD-123","~","","","3"
"","","D98","1.25V@150mA","Device:D_Small","led:D_SOD-123","~","","","-"
"","","D99","1.25V@150mA","Device:D_Small","led:D_SOD-123","~","","","+"
"","","D100","1.25V@150mA","Device:D_Small","led:D_SOD-123","~","","","Enter"
"","","D101","SK6812MINI","LED:SK6812MINI","led:SK6812MINI_3.5x3.7mm_SMD-Flipped-Back","https://cdn-shop.adafruit.com/product-files/2686/SK6812MINI_REV.01-1-2.pdf","","",""
"","","D102","SK6812MINI","LED:SK6812MINI","led:SK6812MINI_3.5x3.7mm_SMD-Flipped-Back","https://cdn-shop.adafruit.com/product-files/2686/SK6812MINI_REV.01-1-2.pdf","","",""
"","","D103","SK6812MINI","LED:SK6812MINI","led:SK6812MINI_3.5x3.7mm_SMD-Flipped-Back","https://cdn-shop.adafruit.com/product-files/2686/SK6812MINI_REV.01-1-2.pdf","","",""
"","","D104","SK6812MINI","LED:SK6812MINI","led:SK6812MINI_3.5x3.7mm_SMD-Flipped-Back","https://cdn-shop.adafruit.com/product-files/2686/SK6812MINI_REV.01-1-2.pdf","","",""
"","","D105","SK6812MINI","LED:SK6812MINI","led:SK6812MINI_3.5x3.7mm_SMD-Flipped-Back","https://cdn-shop.adafruit.com/product-files/2686/SK6812MINI_REV.01-1-2.pdf","","",""
"","","D106","SK6812MINI","LED:SK6812MINI","led:SK6812MINI_3.5x3.7mm_SMD-Flipped-Back","https://cdn-shop.adafruit.com/product-files/2686/SK6812MINI_REV.01-1-2.pdf","","",""
"","","D107","SK6812MINI","LED:SK6812MINI","led:SK6812MINI_3.5x3.7mm_SMD-Flipped-Back","https://cdn-shop.adafruit.com/product-files/2686/SK6812MINI_REV.01-1-2.pdf","","",""
"","","D108","SK6812MINI","LED:SK6812MINI","led:SK6812MINI_3.5x3.7mm_SMD-Flipped-Back","https://cdn-shop.adafruit.com/product-files/2686/SK6812MINI_REV.01-1-2.pdf","","",""
"","","D109","SK6812MINI","LED:SK6812MINI","led:SK6812MINI_3.5x3.7mm_SMD-Flipped-Back","https://cdn-shop.adafruit.com/product-files/2686/SK6812MINI_REV.01-1-2.pdf","","",""
"","","D110","SK6812MINI","LED:SK6812MINI","led:SK6812MINI_3.5x3.7mm_SMD-Flipped-Back","https://cdn-shop.adafruit.com/product-files/2686/SK6812MINI_REV.01-1-2.pdf","","",""
"","","D111","SK6812MINI","LED:SK6812MINI","led:SK6812MINI_3.5x3.7mm_SMD-Flipped-Back","https://cdn-shop.adafruit.com/product-files/2686/SK6812MINI_REV.01-1-2.pdf","","",""
"","","D112","SK6812MINI","LED:SK6812MINI","led:SK6812MINI_3.5x3.7mm_SMD-Flipped-Back","https://cdn-shop.adafruit.com/product-files/2686/SK6812MINI_REV.01-1-2.pdf","","",""
"","","D113","SK6812MINI","LED:SK6812MINI","led:SK6812MINI_3.5x3.7mm_SMD-Flipped-Back","https://cdn-shop.adafruit.com/product-files/2686/SK6812MINI_REV.01-1-2.pdf","","",""
"","","D114","SK6812MINI","LED:SK6812MINI","led:SK6812MINI_3.5x3.7mm_SMD-Flipped-Back","https://cdn-shop.adafruit.com/product-files/2686/SK6812MINI_REV.01-1-2.pdf","","",""
"","","D115","SK6812MINI","LED:SK6812MINI","led:SK6812MINI_3.5x3.7mm_SMD-Flipped-Back","https://cdn-shop.adafruit.com/product-files/2686/SK6812MINI_REV.01-1-2.pdf","","",""
"","","D116","SK6812MINI","LED:SK6812MINI","led:SK6812MINI_3.5x3.7mm_SMD-Flipped-Back","https://cdn-shop.adafruit.com/product-files/2686/SK6812MINI_REV.01-1-2.pdf","","",""
"","","D117","SK6812MINI","LED:SK6812MINI","led:SK6812MINI_3.5x3.7mm_SMD-Flipped-Back","https://cdn-shop.adafruit.com/product-files/2686/SK6812MINI_REV.01-1-2.pdf","","",""
"","","D118","SK6812MINI","LED:SK6812MINI","led:SK6812MINI_3.5x3.7mm_SMD-Flipped-Back","https://cdn-shop.adafruit.com/product-files/2686/SK6812MINI_REV.01-1-2.pdf","","",""
"","","D119","SK6812MINI","LED:SK6812MINI","led:SK6812MINI_3.5x3.7mm_SMD-Flipped-Back","https://cdn-shop.adafruit.com/product-files/2686/SK6812MINI_REV.01-1-2.pdf","","",""
"","","D120","SK6812MINI","LED:SK6812MINI","led:SK6812MINI_3.5x3.7mm_SMD-Flipped-Back","https://cdn-shop.adafruit.com/product-files/2686/SK6812MINI_REV.01-1-2.pdf","","",""
"","","D121","SK6812MINI","LED:SK6812MINI","led:SK6812MINI_3.5x3.7mm_SMD-Flipped-Back","https://cdn-shop.adafruit.com/product-files/2686/SK6812MINI_REV.01-1-2.pdf","","",""
"","","D122","SK6812MINI","LED:SK6812MINI","led:SK6812MINI_3.5x3.7mm_SMD-Flipped-Back","https://cdn-shop.adafruit.com/product-files/2686/SK6812MINI_REV.01-1-2.pdf","","",""
"","","D123","SK6812MINI","LED:SK6812MINI","led:SK6812MINI_3.5x3.7mm_SMD-Flipped-Back","https://cdn-shop.adafruit.com/product-files/2686/SK6812MINI_REV.01-1-2.pdf","","",""
"","","D124","SK6812MINI","LED:SK6812MINI","led:SK6812MINI_3.5x3.7mm_SMD-Flipped-Back","https://cdn-shop.adafruit.com/product-files/2686/SK6812MINI_REV.01-1-2.pdf","","",""
"","","D125","SK6812MINI","LED:SK6812MINI","led:SK6812MINI_3.5x3.7mm_SMD-Flipped-Back","https://cdn-shop.adafruit.com/product-files/2686/SK6812MINI_REV.01-1-2.pdf","","",""
"","","D126","SK6812MINI","LED:SK6812MINI","led:SK6812MINI_3.5x3.7mm_SMD-Flipped-Back","https://cdn-shop.adafruit.com/product-files/2686/SK6812MINI_REV.01-1-2.pdf","","",""
"","","D127","SK6812MINI","LED:SK6812MINI","led:SK6812MINI_3.5x3.7mm_SMD-Flipped-Back","https://cdn-shop.adafruit.com/product-files/2686/SK6812MINI_REV.01-1-2.pdf","","",""
"","","D128","SK6812MINI","LED:SK6812MINI","led:SK6812MINI_3.5x3.7mm_SMD-Flipped-Back","https://cdn-shop.adafruit.com/product-files/2686/SK6812MINI_REV.01-1-2.pdf","","",""
"","","D129","SK6812MINI","LED:SK6812MINI","led:SK6812MINI_3.5x3.7mm_SMD-Flipped-Back","https://cdn-shop.adafruit.com/product-files/2686/SK6812MINI_REV.01-1-2.pdf","","",""
"","","D130","SK6812MINI","LED:SK6812MINI","led:SK6812MINI_3.5x3.7mm_SMD-Flipped-Back","https://cdn-shop.adafruit.com/product-files/2686/SK6812MINI_REV.01-1-2.pdf","","",""
"","","D131","SK6812MINI","LED:SK6812MINI","led:SK6812MINI_3.5x3.7mm_SMD-Flipped-Back","https://cdn-shop.adafruit.com/product-files/2686/SK6812MINI_REV.01-1-2.pdf","","",""
"","","D132","SK6812MINI","LED:SK6812MINI","led:SK6812MINI_3.5x3.7mm_SMD-Flipped-Back","https://cdn-shop.adafruit.com/product-files/2686/SK6812MINI_REV.01-1-2.pdf","","",""
"","","D133","SK6812MINI","LED:SK6812MINI","led:SK6812MINI_3.5x3.7mm_SMD-Flipped-Back","https://cdn-shop.adafruit.com/product-files/2686/SK6812MINI_REV.01-1-2.pdf","","",""
"","","D134","SK6812MINI","LED:SK6812MINI","led:SK6812MINI_3.5x3.7mm_SMD-Flipped-Back","https://cdn-shop.adafruit.com/product-files/2686/SK6812MINI_REV.01-1-2.pdf","","",""
"","","D135","SK6812MINI","LED:SK6812MINI","led:SK6812MINI_3.5x3.7mm_SMD-Flipped-Back","https://cdn-shop.adafruit.com/product-files/2686/SK6812MINI_REV.01-1-2.pdf","","",""
"","","D136","SK6812MINI","LED:SK6812MINI","led:SK6812MINI_3.5x3.7mm_SMD-Flipped-Back","https://cdn-shop.adafruit.com/product-files/2686/SK6812MINI_REV.01-1-2.pdf","","",""
"","","D137","SK6812MINI","LED:SK6812MINI","led:SK6812MINI_3.5x3.7mm_SMD-Flipped-Back","https://cdn-shop.adafruit.com/product-files/2686/SK6812MINI_REV.01-1-2.pdf","","",""
"","","D138","SK6812MINI","LED:SK6812MINI","led:SK6812MINI_3.5x3.7mm_SMD-Flipped-Back","https://cdn-shop.adafruit.com/product-files/2686/SK6812MINI_REV.01-1-2.pdf","","",""
"","","D139","SK6812MINI","LED:SK6812MINI","led:SK6812MINI_3.5x3.7mm_SMD-Flipped-Back","https://cdn-shop.adafruit.com/product-files/2686/SK6812MINI_REV.01-1-2.pdf","","",""
"","","D140","SK6812MINI","LED:SK6812MINI","led:SK6812MINI_3.5x3.7mm_SMD-Flipped-Back","https://cdn-shop.adafruit.com/product-files/2686/SK6812MINI_REV.01-1-2.pdf","","",""
"","","D141","SK6812MINI","LED:SK6812MINI","led:SK6812MINI_3.5x3.7mm_SMD-Flipped-Back","https://cdn-shop.adafruit.com/product-files/2686/SK6812MINI_REV.01-1-2.pdf","","",""
"","","D142","SK6812MINI","LED:SK6812MINI","led:SK6812MINI_3.5x3.7mm_SMD-Flipped-Back","https://cdn-shop.adafruit.com/product-files/2686/SK6812MINI_REV.01-1-2.pdf","","",""
"","","D143","SK6812MINI","LED:SK6812MINI","led:SK6812MINI_3.5x3.7mm_SMD-Flipped-Back","https://cdn-shop.adafruit.com/product-files/2686/SK6812MINI_REV.01-1-2.pdf","","",""
"","","D144","SK6812MINI","LED:SK6812MINI","led:SK6812MINI_3.5x3.7mm_SMD-Flipped-Back","https://cdn-shop.adafruit.com/product-files/2686/SK6812MINI_REV.01-1-2.pdf","","",""
"","","D145","SK6812MINI","LED:SK6812MINI","led:SK6812MINI_3.5x3.7mm_SMD-Flipped-Back","https://cdn-shop.adafruit.com/product-files/2686/SK6812MINI_REV.01-1-2.pdf","","",""
"","","D146","SK6812MINI","LED:SK6812MINI","led:SK6812MINI_3.5x3.7mm_SMD-Flipped-Back","https://cdn-shop.adafruit.com/product-files/2686/SK6812MINI_REV.01-1-2.pdf","","",""
"","","D147","SK6812MINI","LED:SK6812MINI","led:SK6812MINI_3.5x3.7mm_SMD-Flipped-Back","https://cdn-shop.adafruit.com/product-files/2686/SK6812MINI_REV.01-1-2.pdf","","",""
"","","D148","SK6812MINI","LED:SK6812MINI","led:SK6812MINI_3.5x3.7mm_SMD-Flipped-Back","https://cdn-shop.adafruit.com/product-files/2686/SK6812MINI_REV.01-1-2.pdf","","",""
"","","D149","SK6812MINI","LED:SK6812MINI","led:SK6812MINI_3.5x3.7mm_SMD-Flipped-Back","https://cdn-shop.adafruit.com/product-files/2686/SK6812MINI_REV.01-1-2.pdf","","",""
"","","D150","SK6812MINI","LED:SK6812MINI","led:SK6812MINI_3.5x3.7mm_SMD-Flipped-Back","https://cdn-shop.adafruit.com/product-files/2686/SK6812MINI_REV.01-1-2.pdf","","",""
"","","D151","SK6812MINI","LED:SK6812MINI","led:SK6812MINI_3.5x3.7mm_SMD-Flipped-Back","https://cdn-shop.adafruit.com/product-files/2686/SK6812MINI_REV.01-1-2.pdf","","",""
"","","D152","SK6812MINI","LED:SK6812MINI","led:SK6812MINI_3.5x3.7mm_SMD-Flipped-Back","https://cdn-shop.adafruit.com/product-files/2686/SK6812MINI_REV.01-1-2.pdf","","",""
"","","D153","SK6812MINI","LED:SK6812MINI","led:SK6812MINI_3.5x3.7mm_SMD-Flipped-Back","https://cdn-shop.adafruit.com/product-files/2686/SK6812MINI_REV.01-1-2.pdf","","",""
"","","D154","SK6812MINI","LED:SK6812MINI","led:SK6812MINI_3.5x3.7mm_SMD-Flipped-Back","https://cdn-shop.adafruit.com/product-files/2686/SK6812MINI_REV.01-1-2.pdf","","",""
"","","D155","SK6812MINI","LED:SK6812MINI","led:SK6812MINI_3.5x3.7mm_SMD-Flipped-Back","https://cdn-shop.adafruit.com/product-files/2686/SK6812MINI_REV.01-1-2.pdf","","",""
"","","D156","SK6812MINI","LED:SK6812MINI","led:SK6812MINI_3.5x3.7mm_SMD-Flipped-Back","https://cdn-shop.adafruit.com/product-files/2686/SK6812MINI_REV.01-1-2.pdf","","",""
"","","D157","SK6812MINI","LED:SK6812MINI","led:SK6812MINI_3.5x3.7mm_SMD-Flipped-Back","https://cdn-shop.adafruit.com/product-files/2686/SK6812MINI_REV.01-1-2.pdf","","",""
"","","D158","SK6812MINI","LED:SK6812MINI","led:SK6812MINI_3.5x3.7mm_SMD-Flipped-Back","https://cdn-shop.adafruit.com/product-files/2686/SK6812MINI_REV.01-1-2.pdf","","",""
"","","D159","SK6812MINI","LED:SK6812MINI","led:SK6812MINI_3.5x3.7mm_SMD-Flipped-Back","https://cdn-shop.adafruit.com/product-files/2686/SK6812MINI_REV.01-1-2.pdf","","",""
"","","D160","SK6812MINI","LED:SK6812MINI","led:SK6812MINI_3.5x3.7mm_SMD-Flipped-Back","https://cdn-shop.adafruit.com/product-files/2686/SK6812MINI_REV.01-1-2.pdf","","",""
"","","D161","SK6812MINI","LED:SK6812MINI","led:SK6812MINI_3.5x3.7mm_SMD-Flipped-Back","https://cdn-shop.adafruit.com/product-files/2686/SK6812MINI_REV.01-1-2.pdf","","",""
"","","D162","SK6812MINI","LED:SK6812MINI","led:SK6812MINI_3.5x3.7mm_SMD-Flipped-Back","https://cdn-shop.adafruit.com/product-files/2686/SK6812MINI_REV.01-1-2.pdf","","",""
"","","D163","SK6812MINI","LED:SK6812MINI","led:SK6812MINI_3.5x3.7mm_SMD-Flipped-Back","https://cdn-shop.adafruit.com/product-files/2686/SK6812MINI_REV.01-1-2.pdf","","",""
"","","D164","SK6812MINI","LED:SK6812MINI","led:SK6812MINI_3.5x3.7mm_SMD-Flipped-Back","https://cdn-shop.adafruit.com/product-files/2686/SK6812MINI_REV.01-1-2.pdf","","",""
"","","D165","SK6812MINI","LED:SK6812MINI","led:SK6812MINI_3.5x3.7mm_SMD-Flipped-Back","https://cdn-shop.adafruit.com/product-files/2686/SK6812MINI_REV.01-1-2.pdf","","",""
"","","D166","SK6812MINI","LED:SK6812MINI","led:SK6812MINI_3.5x3.7mm_SMD-Flipped-Back","https://cdn-shop.adafruit.com/product-files/2686/SK6812MINI_REV.01-1-2.pdf","","",""
"","","D167","SK6812MINI","LED:SK6812MINI","led:SK6812MINI_3.5x3.7mm_SMD-Flipped-Back","https://cdn-shop.adafruit.com/product-files/2686/SK6812MINI_REV.01-1-2.pdf","","",""
"","","D168","SK6812MINI","LED:SK6812MINI","led:SK6812MINI_3.5x3.7mm_SMD-Flipped-Back","https://cdn-shop.adafruit.com/product-files/2686/SK6812MINI_REV.01-1-2.pdf","","",""
"","","D169","SK6812MINI","LED:SK6812MINI","led:SK6812MINI_3.5x3.7mm_SMD-Flipped-Back","https://cdn-shop.adafruit.com/product-files/2686/SK6812MINI_REV.01-1-2.pdf","","",""
"","","D170","SK6812MINI","LED:SK6812MINI","led:SK6812MINI_3.5x3.7mm_SMD-Flipped-Back","https://cdn-shop.adafruit.com/product-files/2686/SK6812MINI_REV.01-1-2.pdf","","",""
"","","D171","SK6812MINI","LED:SK6812MINI","led:SK6812MINI_3.5x3.7mm_SMD-Flipped-Back","https://cdn-shop.adafruit.com/product-files/2686/SK6812MINI_REV.01-1-2.pdf","","",""
"","","D172","SK6812MINI","LED:SK6812MINI","led:SK6812MINI_3.5x3.7mm_SMD-Flipped-Back","https://cdn-shop.adafruit.com/product-files/2686/SK6812MINI_REV.01-1-2.pdf","","",""
"","","D173","SK6812MINI","LED:SK6812MINI","led:SK6812MINI_3.5x3.7mm_SMD-Flipped-Back","https://cdn-shop.adafruit.com/product-files/2686/SK6812MINI_REV.01-1-2.pdf","","",""
"","","D174","SK6812MINI","LED:SK6812MINI","led:SK6812MINI_3.5x3.7mm_SMD-Flipped-Back","https://cdn-shop.adafruit.com/product-files/2686/SK6812MINI_REV.01-1-2.pdf","","",""
"","","D175","SK6812MINI","LED:SK6812MINI","led:SK6812MINI_3.5x3.7mm_SMD-Flipped-Back","https://cdn-shop.adafruit.com/product-files/2686/SK6812MINI_REV.01-1-2.pdf","","",""
"","","D176","SK6812MINI","LED:SK6812MINI","led:SK6812MINI_3.5x3.7mm_SMD-Flipped-Back","https://cdn-shop.adafruit.com/product-files/2686/SK6812MINI_REV.01-1-2.pdf","","",""
"","","D177","SK6812MINI","LED:SK6812MINI","led:SK6812MINI_3.5x3.7mm_SMD-Flipped-Back","https://cdn-shop.adafruit.com/product-files/2686/SK6812MINI_REV.01-1-2.pdf","","",""
"","","D178","SK6812MINI","LED:SK6812MINI","led:SK6812MINI_3.5x3.7mm_SMD-Flipped-Back","https://cdn-shop.adafruit.com/product-files/2686/SK6812MINI_REV.01-1-2.pdf","","",""
"","","D179","SK6812MINI","LED:SK6812MINI","led:SK6812MINI_3.5x3.7mm_SMD-Flipped-Back","https://cdn-shop.adafruit.com/product-files/2686/SK6812MINI_REV.01-1-2.pdf","","",""
"","","D180","SK6812MINI","LED:SK6812MINI","led:SK6812MINI_3.5x3.7mm_SMD-Flipped-Back","https://cdn-shop.adafruit.com/product-files/2686/SK6812MINI_REV.01-1-2.pdf","","",""
"","","D181","SK6812MINI","LED:SK6812MINI","led:SK6812MINI_3.5x3.7mm_SMD-Flipped-Back","https://cdn-shop.adafruit.com/product-files/2686/SK6812MINI_REV.01-1-2.pdf","","",""
"","","D182","SK6812MINI","LED:SK6812MINI","led:SK6812MINI_3.5x3.7mm_SMD-Flipped-Back","https://cdn-shop.adafruit.com/product-files/2686/SK6812MINI_REV.01-1-2.pdf","","",""
"","","D183","SK6812MINI","LED:SK6812MINI","led:SK6812MINI_3.5x3.7mm_SMD-Flipped-Back","https://cdn-shop.adafruit.com/product-files/2686/SK6812MINI_REV.01-1-2.pdf","","",""
"","","D184","SK6812MINI","LED:SK6812MINI","led:SK6812MINI_3.5x3.7mm_SMD-Flipped-Back","https://cdn-shop.adafruit.com/product-files/2686/SK6812MINI_REV.01-1-2.pdf","","",""
"","","D185","SK6812MINI","LED:SK6812MINI","led:SK6812MINI_3.5x3.7mm_SMD-Flipped-Back","https://cdn-shop.adafruit.com/product-files/2686/SK6812MINI_REV.01-1-2.pdf","","",""
"","","D186","SK6812MINI","LED:SK6812MINI","led:SK6812MINI_3.5x3.7mm_SMD-Flipped-Back","https://cdn-shop.adafruit.com/product-files/2686/SK6812MINI_REV.01-1-2.pdf","","",""
"","","D187","SK6812MINI","LED:SK6812MINI","led:SK6812MINI_3.5x3.7mm_SMD-Flipped-Back","https://cdn-shop.adafruit.com/product-files/2686/SK6812MINI_REV.01-1-2.pdf","","",""
"","","D188","SK6812MINI","LED:SK6812MINI","led:SK6812MINI_3.5x3.7mm_SMD-Flipped-Back","https://cdn-shop.adafruit.com/product-files/2686/SK6812MINI_REV.01-1-2.pdf","","",""
"","","D189","SK6812MINI","LED:SK6812MINI","led:SK6812MINI_3.5x3.7mm_SMD-Flipped-Back","https://cdn-shop.adafruit.com/product-files/2686/SK6812MINI_REV.01-1-2.pdf","","",""
"","","D190","SK6812MINI","LED:SK6812MINI","led:SK6812MINI_3.5x3.7mm_SMD-Flipped-Back","https://cdn-shop.adafruit.com/product-files/2686/SK6812MINI_REV.01-1-2.pdf","","",""
"","","D191","SK6812MINI","LED:SK6812MINI","led:SK6812MINI_3.5x3.7mm_SMD-Flipped-Back","https://cdn-shop.adafruit.com/product-files/2686/SK6812MINI_REV.01-1-2.pdf","","",""
"","","D192","SK6812MINI","LED:SK6812MINI","led:SK6812MINI_3.5x3.7mm_SMD-Flipped-Back","https://cdn-shop.adafruit.com/product-files/2686/SK6812MINI_REV.01-1-2.pdf","","",""
"","","D193","SK6812MINI","LED:SK6812MINI","led:SK6812MINI_3.5x3.7mm_SMD-Flipped-Back","https://cdn-shop.adafruit.com/product-files/2686/SK6812MINI_REV.01-1-2.pdf","","",""
"","","D194","SK6812MINI","LED:SK6812MINI","led:SK6812MINI_3.5x3.7mm_SMD-Flipped-Back","https://cdn-shop.adafruit.com/product-files/2686/SK6812MINI_REV.01-1-2.pdf","","",""
"","","D195","SK6812MINI","LED:SK6812MINI","led:SK6812MINI_3.5x3.7mm_SMD-Flipped-Back","https://cdn-shop.adafruit.com/product-files/2686/SK6812MINI_REV.01-1-2.pdf","","",""
"","","D196","SK6812MINI","LED:SK6812MINI","led:SK6812MINI_3.5x3.7mm_SMD-Flipped-Back","https://cdn-shop.adafruit.com/product-files/2686/SK6812MINI_REV.01-1-2.pdf","","",""
"","","D197","SK6812MINI","LED:SK6812MINI","led:SK6812MINI_3.5x3.7mm_SMD-Flipped-Back","https://cdn-shop.adafruit.com/product-files/2686/SK6812MINI_REV.01-1-2.pdf","","",""
"","","D198","SK6812MINI","LED:SK6812MINI","led:SK6812MINI_3.5x3.7mm_SMD-Flipped-Back","https://cdn-shop.adafruit.com/product-files/2686/SK6812MINI_REV.01-1-2.pdf","","",""
"","","D199","SK6812MINI","LED:SK6812MINI","led:SK6812MINI_3.5x3.7mm_SMD-Flipped-Back","https://cdn-shop.adafruit.com/product-files/2686/SK6812MINI_REV.01-1-2.pdf","","",""
"","","D200","SK6812MINI","LED:SK6812MINI","led:SK6812MINI_3.5x3.7mm_SMD-Flipped-Back","https://cdn-shop.adafruit.com/product-files/2686/SK6812MINI_REV.01-1-2.pdf","","",""
"","","F1","500mA","Device:Polyfuse_Small","Fuse:Fuse_1206_3216Metric","~","","",""
"","","FB1","600R","pcb-rescue:Ferrite_Bead_Small-Device","josh-passives-smt:Ferrite_Bead_0603","","","",""
"","","J1","USB_C_Receptacle_USB2.0","pcb-rescue:USB_C_Receptacle_USB2.0-Connector","Connector_USB:USB_C_Receptacle_HRO_TYPE-C-31-M-12","https://www.usb.org/sites/default/files/documents/usb_type-c.zip","","",""
"","","MX1","MX-NoLED","pcb-rescue:MX-NoLED-MX_Alps_Hybrid","kailh-switches-hotswap:Kailh-Hotswap-1U","","","",""
"","","MX2","MX-NoLED","pcb-rescue:MX-NoLED-MX_Alps_Hybrid","kailh-switches-hotswap:Kailh-Hotswap-1U","","","",""
"","","MX3","MX-NoLED","pcb-rescue:MX-NoLED-MX_Alps_Hybrid","kailh-switches-hotswap:Kailh-Hotswap-1.5U","","","",""
"","","MX4","MX-NoLED","pcb-rescue:MX-NoLED-MX_Alps_Hybrid","kailh-switches-hotswap:Kailh-Hotswap-1.75U","","","",""
"","","MX5","MX-NoLED","pcb-rescue:MX-NoLED-MX_Alps_Hybrid","kailh-switches-hotswap:Kailh-Hotswap-1.25U","","","",""
"","","MX6","MX-NoLED","pcb-rescue:MX-NoLED-MX_Alps_Hybrid","kailh-switches-hotswap:Kailh-Hotswap-1.5U","","","",""
"","","MX7","MX-NoLED","pcb-rescue:MX-NoLED-MX_Alps_Hybrid","kailh-switches-hotswap:Kailh-Hotswap-1U","","","",""
"","","MX8","MX-NoLED","pcb-rescue:MX-NoLED-MX_Alps_Hybrid","kailh-switches-hotswap:Kailh-Hotswap-1U","","","",""
"","","MX9","MX-NoLED","pcb-rescue:MX-NoLED-MX_Alps_Hybrid","kailh-switches-hotswap:Kailh-Hotswap-1U","","","",""
"","","MX10","MX-NoLED","pcb-rescue:MX-NoLED-MX_Alps_Hybrid","kailh-switches-hotswap:Kailh-Hotswap-1U","","","",""
"","","MX11","MX-NoLED","pcb-rescue:MX-NoLED-MX_Alps_Hybrid","kailh-switches-hotswap:Kailh-Hotswap-1U","","","",""
"","","MX12","MX-NoLED","pcb-rescue:MX-NoLED-MX_Alps_Hybrid","kailh-switches-hotswap:Kailh-Hotswap-1U","","","",""
"","","MX13","MX-NoLED","pcb-rescue:MX-NoLED-MX_Alps_Hybrid","kailh-switches-hotswap:Kailh-Hotswap-1U","","","",""
"","","MX14","MX-NoLED","pcb-rescue:MX-NoLED-MX_Alps_Hybrid","kailh-switches-hotswap:Kailh-Hotswap-1U","","","",""
"","","MX15","MX-NoLED","pcb-rescue:MX-NoLED-MX_Alps_Hybrid","kailh-switches-hotswap:Kailh-Hotswap-1U","","","",""
"","","MX16","MX-NoLED","pcb-rescue:MX-NoLED-MX_Alps_Hybrid","kailh-switches-hotswap:Kailh-Hotswap-1U","","","",""
"","","MX17","MX-NoLED","pcb-rescue:MX-NoLED-MX_Alps_Hybrid","kailh-switches-hotswap:Kailh-Hotswap-1.25U","","","",""
"","","MX18","MX-NoLED","pcb-rescue:MX-NoLED-MX_Alps_Hybrid","kailh-switches-hotswap:Kailh-Hotswap-1U","","","",""
"","","MX19","MX-NoLED","pcb-rescue:MX-NoLED-MX_Alps_Hybrid","kailh-switches-hotswap:Kailh-Hotswap-1U","","","",""
"","","MX20","MX-NoLED","pcb-rescue:MX-NoLED-MX_Alps_Hybrid","kailh-switches-hotswap:Kailh-Hotswap-1U","","","",""
"","","MX21","MX-NoLED","pcb-rescue:MX-NoLED-MX_Alps_Hybrid","kailh-switches-hotswap:Kailh-Hotswap-1U","","","",""
"","","MX22","MX-NoLED","pcb-rescue:MX-NoLED-MX_Alps_Hybrid","kailh-switches-hotswap:Kailh-Hotswap-1U","","","",""
"","","MX23","MX-NoLED","pcb-rescue:MX-NoLED-MX_Alps_Hybrid","kailh-switches-hotswap:Kailh-Hotswap-1U","","","",""
"","","MX24","MX-NoLED","pcb-rescue:MX-NoLED-MX_Alps_Hybrid","kailh-switches-hotswap:Kailh-Hotswap-1U","","","",""
"","","MX25","MX-NoLED","pcb-rescue:MX-NoLED-MX_Alps_Hybrid","kailh-switches-hotswap:Kailh-Hotswap-1U","","","",""
"","","MX26","MX-NoLED","pcb-rescue:MX-NoLED-MX_Alps_Hybrid","kailh-switches-hotswap:Kailh-Hotswap-1U","","","",""
"","","MX27","MX-NoLED","pcb-rescue:MX-NoLED-MX_Alps_Hybrid","kailh-switches-hotswap:Kailh-Hotswap-1U","","","",""
"","","MX28","MX-NoLED","pcb-rescue:MX-NoLED-MX_Alps_Hybrid","kailh-switches-hotswap:Kailh-Hotswap-1U","","","",""
"","","MX29","MX-NoLED","pcb-rescue:MX-NoLED-MX_Alps_Hybrid","kailh-switches-hotswap:Kailh-Hotswap-1U","","","",""
"","","MX30","MX-NoLED","pcb-rescue:MX-NoLED-MX_Alps_Hybrid","kailh-switches-hotswap:Kailh-Hotswap-1U","","","",""
"","","MX31","MX-NoLED","pcb-rescue:MX-NoLED-MX_Alps_Hybrid","kailh-switches-hotswap:Kailh-Hotswap-1U","","","",""
"","","MX32","MX-NoLED","pcb-rescue:MX-NoLED-MX_Alps_Hybrid","kailh-switches-hotswap:Kailh-Hotswap-1U","","","",""
"","","MX33","MX-NoLED","pcb-rescue:MX-NoLED-MX_Alps_Hybrid","kailh-switches-hotswap:Kailh-Hotswap-1U","","","",""
"","","MX34","MX-NoLED","pcb-rescue:MX-NoLED-MX_Alps_Hybrid","kailh-switches-hotswap:Kailh-Hotswap-1U","","","",""
"","","MX35","MX-NoLED","pcb-rescue:MX-NoLED-MX_Alps_Hybrid","kailh-switches-hotswap:Kailh-Hotswap-1U","","","",""
"","","MX36","MX-NoLED","pcb-rescue:MX-NoLED-MX_Alps_Hybrid","kailh-switches-hotswap:Kailh-Hotswap-1U","","","",""
"","","MX37","MX-NoLED","pcb-rescue:MX-NoLED-MX_Alps_Hybrid","kailh-switches-hotswap:Kailh-Hotswap-1U","","","",""
"","","MX38","MX-NoLED","pcb-rescue:MX-NoLED-MX_Alps_Hybrid","kailh-switches-hotswap:Kailh-Hotswap-6U","","","",""
"","","MX39","MX-NoLED","pcb-rescue:MX-NoLED-MX_Alps_Hybrid","kailh-switches-hotswap:Kailh-Hotswap-1U","","","",""
"","","MX40","MX-NoLED","pcb-rescue:MX-NoLED-MX_Alps_Hybrid","kailh-switches-hotswap:Kailh-Hotswap-1U","","","",""
"","","MX41","MX-NoLED","pcb-rescue:MX-NoLED-MX_Alps_Hybrid","kailh-switches-hotswap:Kailh-Hotswap-1U","","","",""
"","","MX42","MX-NoLED","pcb-rescue:MX-NoLED-MX_Alps_Hybrid","kailh-switches-hotswap:Kailh-Hotswap-1U","","","",""
"","","MX43","MX-NoLED","pcb-rescue:MX-NoLED-MX_Alps_Hybrid","kailh-switches-hotswap:Kailh-Hotswap-1U","","","",""
"","","MX44","MX-NoLED","pcb-rescue:MX-NoLED-MX_Alps_Hybrid","kailh-switches-hotswap:Kailh-Hotswap-1U","","","",""
"","","MX45","MX-NoLED","pcb-rescue:MX-NoLED-MX_Alps_Hybrid","kailh-switches-hotswap:Kailh-Hotswap-1U","","","",""
"","","MX46","MX-NoLED","pcb-rescue:MX-NoLED-MX_Alps_Hybrid","kailh-switches-hotswap:Kailh-Hotswap-1U","","","",""
"","","MX47","MX-NoLED","pcb-rescue:MX-NoLED-MX_Alps_Hybrid","kailh-switches-hotswap:Kailh-Hotswap-1U","","","",""
"","","MX48","MX-NoLED","pcb-rescue:MX-NoLED-MX_Alps_Hybrid","kailh-switches-hotswap:Kailh-Hotswap-1U","","","",""
"","","MX49","MX-NoLED","pcb-rescue:MX-NoLED-MX_Alps_Hybrid","kailh-switches-hotswap:Kailh-Hotswap-1U","","","",""
"","","MX50","MX-NoLED","pcb-rescue:MX-NoLED-MX_Alps_Hybrid","kailh-switches-hotswap:Kailh-Hotswap-1U","","","",""
"","","MX51","MX-NoLED","pcb-rescue:MX-NoLED-MX_Alps_Hybrid","kailh-switches-hotswap:Kailh-Hotswap-1U","","","",""
"","","MX52","MX-NoLED","pcb-rescue:MX-NoLED-MX_Alps_Hybrid","kailh-switches-hotswap:Kailh-Hotswap-1U","","","",""
"","","MX53","MX-NoLED","pcb-rescue:MX-NoLED-MX_Alps_Hybrid","kailh-switches-hotswap:Kailh-Hotswap-1U","","","",""
"","","MX54","MX-NoLED","pcb-rescue:MX-NoLED-MX_Alps_Hybrid","kailh-switches-hotswap:Kailh-Hotswap-1U","","","",""
"","","MX55","MX-NoLED","pcb-rescue:MX-NoLED-MX_Alps_Hybrid","kailh-switches-hotswap:Kailh-Hotswap-1U","","","",""
"","","MX56","MX-NoLED","pcb-rescue:MX-NoLED-MX_Alps_Hybrid","kailh-switches-hotswap:Kailh-Hotswap-1U","","","",""
"","","MX57","MX-NoLED","pcb-rescue:MX-NoLED-MX_Alps_Hybrid","kailh-switches-hotswap:Kailh-Hotswap-1U","","","",""
"","","MX58","MX-NoLED","pcb-rescue:MX-NoLED-MX_Alps_Hybrid","kailh-switches-hotswap:Kailh-Hotswap-1U","","","",""
"","","MX59","MX-NoLED","pcb-rescue:MX-NoLED-MX_Alps_Hybrid","kailh-switches-hotswap:Kailh-Hotswap-1.25U","","","",""
"","","MX60","MX-NoLED","pcb-rescue:MX-NoLED-MX_Alps_Hybrid","kailh-switches-hotswap:Kailh-Hotswap-1U","","","",""
"","","MX61","MX-NoLED","pcb-rescue:MX-NoLED-MX_Alps_Hybrid","kailh-switches-hotswap:Kailh-Hotswap-1U","","","",""
"","","MX62","MX-NoLED","pcb-rescue:MX-NoLED-MX_Alps_Hybrid","kailh-switches-hotswap:Kailh-Hotswap-1U","","","",""
"","","MX63","MX-NoLED","pcb-rescue:MX-NoLED-MX_Alps_Hybrid","kailh-switches-hotswap:Kailh-Hotswap-1U","","","",""
"","","MX64","MX-NoLED","pcb-rescue:MX-NoLED-MX_Alps_Hybrid","kailh-switches-hotswap:Kailh-Hotswap-1U","","","",""
"","","MX65","MX-NoLED","pcb-rescue:MX-NoLED-MX_Alps_Hybrid","kailh-switches-hotswap:Kailh-Hotswap-1U","","","",""
"","","MX66","MX-NoLED","pcb-rescue:MX-NoLED-MX_Alps_Hybrid","kailh-switches-hotswap:Kailh-Hotswap-1U","","","",""
"","","MX67","MX-NoLED","pcb-rescue:MX-NoLED-MX_Alps_Hybrid","kailh-switches-hotswap:Kailh-Hotswap-1U","","","",""
"","","MX68","MX-NoLED","pcb-rescue:MX-NoLED-MX_Alps_Hybrid","kailh-switches-hotswap:Kailh-Hotswap-1U","","","",""
"","","MX69","MX-NoLED","pcb-rescue:MX-NoLED-MX_Alps_Hybrid","kailh-switches-hotswap:Kailh-Hotswap-1U","","","",""
"","","MX70","MX-NoLED","pcb-rescue:MX-NoLED-MX_Alps_Hybrid","kailh-switches-hotswap:Kailh-Hotswap-1.75U","","","",""
"","","MX71","MX-NoLED","pcb-rescue:MX-NoLED-MX_Alps_Hybrid","kailh-switches-hotswap:Kailh-Hotswap-1U","","","",""
"","","MX72","MX-NoLED","pcb-rescue:MX-NoLED-MX_Alps_Hybrid","kailh-switches-hotswap:Kailh-Hotswap-1U","","","",""
"","","MX73","MX-NoLED","pcb-rescue:MX-NoLED-MX_Alps_Hybrid","kailh-switches-hotswap:Kailh-Hotswap-2U","","","",""
"","","MX74","MX-NoLED","pcb-rescue:MX-NoLED-MX_Alps_Hybrid","kailh-switches-hotswap:Kailh-Hotswap-EnterISO","","","",""
"","","MX75","MX-NoLED","pcb-rescue:MX-NoLED-MX_Alps_Hybrid","kailh-switches-hotswap:Kailh-Hotswap-1U","","","",""
"","","MX76","MX-NoLED","pcb-rescue:MX-NoLED-MX_Alps_Hybrid","kailh-switches-hotswap:Kailh-Hotswap-1U","","","",""
"","","MX77","MX-NoLED","pcb-rescue:MX-NoLED-MX_Alps_Hybrid","kailh-switches-hotswap:Kailh-Hotswap-1U","","","",""
"","","MX78","MX-NoLED","pcb-rescue:MX-NoLED-MX_Alps_Hybrid","kailh-switches-hotswap:Kailh-Hotswap-1U","","","",""
"","","MX79","MX-NoLED","pcb-rescue:MX-NoLED-MX_Alps_Hybrid","kailh-switches-hotswap:Kailh-Hotswap-1U","","","",""
"","","MX80","MX-NoLED","pcb-rescue:MX-NoLED-MX_Alps_Hybrid","kailh-switches-hotswap:Kailh-Hotswap-1U","","","",""
"","","MX81","MX-NoLED","pcb-rescue:MX-NoLED-MX_Alps_Hybrid","kailh-switches-hotswap:Kailh-Hotswap-1U","","","",""
"","","MX82","MX-NoLED","pcb-rescue:MX-NoLED-MX_Alps_Hybrid","kailh-switches-hotswap:Kailh-Hotswap-1U","","","",""
"","","MX83","MX-NoLED","pcb-rescue:MX-NoLED-MX_Alps_Hybrid","kailh-switches-hotswap:Kailh-Hotswap-1U","","","",""
"","","MX84","MX-NoLED","pcb-rescue:MX-NoLED-MX_Alps_Hybrid","kailh-switches-hotswap:Kailh-Hotswap-1U","","","",""
"","","MX85","MX-NoLED","pcb-rescue:MX-NoLED-MX_Alps_Hybrid","kailh-switches-hotswap:Kailh-Hotswap-1U","","","",""
"","","MX86","MX-NoLED","pcb-rescue:MX-NoLED-MX_Alps_Hybrid","kailh-switches-hotswap:Kailh-Hotswap-1U","","","",""
"","","MX87","MX-NoLED","pcb-rescue:MX-NoLED-MX_Alps_Hybrid","kailh-switches-hotswap:Kailh-Hotswap-1U","","","",""
"","","MX88","MX-NoLED","pcb-rescue:MX-NoLED-MX_Alps_Hybrid","kailh-switches-hotswap:Kailh-Hotswap-2U","","","",""
"","","MX89","MX-NoLED","pcb-rescue:MX-NoLED-MX_Alps_Hybrid","kailh-switches-hotswap:Kailh-Hotswap-1U","","","",""
"","","MX90","MX-NoLED","pcb-rescue:MX-NoLED-MX_Alps_Hybrid","kailh-switches-hotswap:Kailh-Hotswap-1U","","","",""
"","","MX91","MX-NoLED","pcb-rescue:MX-NoLED-MX_Alps_Hybrid","kailh-switches-hotswap:Kailh-Hotswap-1U","","","",""
"","","MX92","MX-NoLED","pcb-rescue:MX-NoLED-MX_Alps_Hybrid","kailh-switches-hotswap:Kailh-Hotswap-1U","","","",""
"","","MX93","MX-NoLED","pcb-rescue:MX-NoLED-MX_Alps_Hybrid","kailh-switches-hotswap:Kailh-Hotswap-1U","","","",""
"","","MX94","MX-NoLED","pcb-rescue:MX-NoLED-MX_Alps_Hybrid","kailh-switches-hotswap:Kailh-Hotswap-1U","","","",""
"","","MX95","MX-NoLED","pcb-rescue:MX-NoLED-MX_Alps_Hybrid","kailh-switches-hotswap:Kailh-Hotswap-1U","","","",""
"","","MX96","MX-NoLED","pcb-rescue:MX-NoLED-MX_Alps_Hybrid","kailh-switches-hotswap:Kailh-Hotswap-1U","","","",""
"","","MX97","MX-NoLED","pcb-rescue:MX-NoLED-MX_Alps_Hybrid","kailh-switches-hotswap:Kailh-Hotswap-1U","","","",""
"","","MX98","MX-NoLED","pcb-rescue:MX-NoLED-MX_Alps_Hybrid","kailh-switches-hotswap:Kailh-Hotswap-1U","","","",""
"","","MX99","MX-NoLED","pcb-rescue:MX-NoLED-MX_Alps_Hybrid","kailh-switches-hotswap:Kailh-Hotswap-2U-Vertical","","","",""
"","","MX100","MX-NoLED","pcb-rescue:MX-NoLED-MX_Alps_Hybrid","kailh-switches-hotswap:Kailh-Hotswap-2U-Vertical","","","",""
"","","MX101","MX-NoLED","pcb-rescue:MX-NoLED-MX_Alps_Hybrid","kailh-switches-hotswap:Kailh-Hotswap-6.25U","","","",""
"","","MX102","MX-NoLED","pcb-rescue:MX-NoLED-MX_Alps_Hybrid","kailh-switches-hotswap:Kailh-Hotswap-7U","","","",""
"","","MX103","MX-NoLED","pcb-rescue:MX-NoLED-MX_Alps_Hybrid","kailh-switches-hotswap:Kailh-Hotswap-1U","","","",""
"","","MX104","MX-NoLED","pcb-rescue:MX-NoLED-MX_Alps_Hybrid","kailh-switches-hotswap:Kailh-Hotswap-1.25U","","","",""
"","","R1","5K1","Device:R_Small","Resistor_SMD:R_0805_2012Metric","~","","",""
"","","R2","5K1","Device:R_Small","Resistor_SMD:R_0805_2012Metric","~","","",""
"","","R3","22","Device:R_Small","Resistor_SMD:R_0805_2012Metric","~","","",""
"","","R4","22","Device:R_Small","Resistor_SMD:R_0805_2012Metric","~","","",""
"","","R5","10k","Device:R_Small","Resistor_SMD:R_0805_2012Metric","~","","",""
"","","R6","10k","Device:R_Small","Resistor_SMD:R_0805_2012Metric","~","","",""
"","","SW1","SW_Push","Switch:SW_Push","random-keyboard-parts:SKQG-1155865","~","","",""
"","","U1","AT90USB1286-AU","pcb-rescue:AT90USB1286-AU-MCU_Microchip_AVR","Package_QFP:TQFP-64_14x14mm_P0.8mm","http://ww1.microchip.com/downloads/en/DeviceDoc/doc7593.pdf","","",""
"","","Y1","Crystal_GND24_Small","Device:Crystal_GND24_Small","Crystal:Crystal_SMD_3225-4Pin_3.2x2.5mm","~","","",""



"Collated Components:"

"Item","Qty","Reference(s)","Value","LibPart","Footprint","Datasheet","Item","LCSC","Name"
"1","1","C1","10u","Device:C_Small","Capacitor_SMD:C_0805_2012Metric","~","","",""
"2","3","C2, C3, C4","0.1uF","Device:C_Small","Capacitor_SMD:C_0805_2012Metric","~","","",""
"3","2","C5, C6","22pF","Device:C_Small","Capacitor_SMD:C_0805_2012Metric","~","","",""
"4","1","C7","10uF","Device:C_Small","Capacitor_SMD:C_0805_2012Metric","~","","",""
"5","1","C8","1uF","Device:C_Small","Capacitor_SMD:C_0805_2012Metric","~","","",""
"6","100","D1, D2, D3, D4, D5, D6, D7, D8, D9, D10, D11, D12, D13, D14, D15, D16, D17, D18, D19, D20, D21, D22, D23, D24, D25, D26, D27, D28, D29, D30, D31, D32, D33, D34, D35, D36, D37, D38, D39, D40, D41, D42, D43, D44, D45, D46, D47, D48, D49, D50, D51, D52, D53, D54, D55, D56, D57, D58, D59, D60, D61, D62, D63, D64, D65, D66, D67, D68, D69, D70, D71, D72, D73, D74, D75, D76, D77, D78, D79, D80, D81, D82, D83, D84, D85, D86, D87, D88, D89, D90, D91, D92, D93, D94, D95, D96, D97, D98, D99, D100","1.25V@150mA","Device:D_Small","led:D_SOD-123","~","1N4148W","https://lcsc.com/product-detail/Switching-Diode_GOODWORK-1N4148W_C909967.html","Esc"
"7","100","D101, D102, D103, D104, D105, D106, D107, D108, D109, D110, D111, D112, D113, D114, D115, D116, D117, D118, D119, D120, D121, D122, D123, D124, D125, D126, D127, D128, D129, D130, D131, D132, D133, D134, D135, D136, D137, D138, D139, D140, D141, D142, D143, D144, D145, D146, D147, D148, D149, D150, D151, D152, D153, D154, D155, D156, D157, D158, D159, D160, D161, D162, D163, D164, D165, D166, D167, D168, D169, D170, D171, D172, D173, D174, D175, D176, D177, D178, D179, D180, D181, D182, D183, D184, D185, D186, D187, D188, D189, D190, D191, D192, D193, D194, D195, D196, D197, D198, D199, D200","SK6812MINI","LED:SK6812MINI","led:SK6812MINI_3.5x3.7mm_SMD-Flipped-Back","https://cdn-shop.adafruit.com/product-files/2686/SK6812MINI_REV.01-1-2.pdf","","",""
"8","1","F1","500mA","Device:Polyfuse_Small","Fuse:Fuse_1206_3216Metric","~","","",""
"9","1","FB1","600R","pcb-rescue:Ferrite_Bead_Small-Device","josh-passives-smt:Ferrite_Bead_0603","","","",""
"10","1","J1","USB_C_Receptacle_USB2.0","pcb-rescue:USB_C_Receptacle_USB2.0-Connector","Connector_USB:USB_C_Receptacle_HRO_TYPE-C-31-M-12","https://www.usb.org/sites/default/files/documents/usb_type-c.zip","","",""
"11","88","MX1, MX2, MX7, MX8, MX9, MX10, MX11, MX12, MX13, MX14, MX15, MX16, MX18, MX19, MX20, MX21, MX22, MX23, MX24, MX25, MX26, MX27, MX28, MX29, MX30, MX31, MX32, MX33, MX34, MX35, MX36, MX37, MX39, MX40, MX41, MX42, MX43, MX44, MX45, MX46, MX47, MX48, MX49, MX50, MX51, MX52, MX53, MX54, MX55, MX56, MX57, MX58, MX60, MX61, MX62, MX63, MX64, MX65, MX66, MX67, MX68, MX69, MX71, MX72, MX75, MX76, MX77, MX78, MX79, MX80, MX81, MX82, MX83, MX84, MX85, MX86, MX87, MX89, MX90, MX91, MX92, MX93, MX94, MX95, MX96, MX97, MX98, MX103","MX-NoLED","pcb-rescue:MX-NoLED-MX_Alps_Hybrid","kailh-switches-hotswap:Kailh-Hotswap-1U","","","",""
"12","2","MX3, MX6","MX-NoLED","pcb-rescue:MX-NoLED-MX_Alps_Hybrid","kailh-switches-hotswap:Kailh-Hotswap-1.5U","","","",""
"13","2","MX4, MX70","MX-NoLED","pcb-rescue:MX-NoLED-MX_Alps_Hybrid","kailh-switches-hotswap:Kailh-Hotswap-1.75U","","","",""
"14","4","MX5, MX17, MX59, MX104","MX-NoLED","pcb-rescue:MX-NoLED-MX_Alps_Hybrid","kailh-switches-hotswap:Kailh-Hotswap-1.25U","","","",""
"15","1","MX38","MX-NoLED","pcb-rescue:MX-NoLED-MX_Alps_Hybrid","kailh-switches-hotswap:Kailh-Hotswap-6U","","","",""
"16","2","MX73, MX88","MX-NoLED","pcb-rescue:MX-NoLED-MX_Alps_Hybrid","kailh-switches-hotswap:Kailh-Hotswap-2U","","","",""
"17","1","MX74","MX-NoLED","pcb-rescue:MX-NoLED-MX_Alps_Hybrid","kailh-switches-hotswap:Kailh-Hotswap-EnterISO","","","",""
"18","2","MX99, MX100","MX-NoLED","pcb-rescue:MX-NoLED-MX_Alps_Hybrid","kailh-switches-hotswap:Kailh-Hotswap-2U-Vertical","","","",""
"19","1","MX101","MX-NoLED","pcb-rescue:MX-NoLED-MX_Alps_Hybrid","kailh-switches-hotswap:Kailh-Hotswap-6.25U","","","",""
"20","1","MX102","MX-NoLED","pcb-rescue:MX-NoLED-MX_Alps_Hybrid","kailh-switches-hotswap:Kailh-Hotswap-7U","","","",""
"21","2","R1, R2","5K1","Device:R_Small","Resistor_SMD:R_0805_2012Metric","~","","",""
"22","2","R3, R4","22","Device:R_Small","Resistor_SMD:R_0805_2012Metric","~","","",""
"23","2","R5, R6","10k","Device:R_Small","Resistor_SMD:R_0805_2012Metric","~","","",""
"24","1","SW1","SW_Push","Switch:SW_Push","random-keyboard-parts:SKQG-1155865","~","","",""
"25","1","U1","AT90USB1286-AU","pcb-rescue:AT90USB1286-AU-MCU_Microchip_AVR","Package_QFP:TQFP-64_14x14mm_P0.8mm","http://ww1.microchip.com/downloads/en/DeviceDoc/doc7593.pdf","","",""
"26","1","Y1","Crystal_GND24_Small","Device:Crystal_GND24_Small","Crystal:Crystal_SMD_3225-4Pin_3.2x2.5mm","~","","",""
